length_sku_key,current_bucket,supplied_to,od_mm,thickness_mm,length_mm,length_m,grade,cut_type,material_codes,plants,codes_not_in_bucketting,plan_note,on_megh_tab,schedule_mt,stock_mt,what_is_needed,assign_length_bucket,assign_bucket,assign_material_code,remark
15.88-0-1.4-6-ERW 1-NFC,none - RE or HMSIL size,RE or HMSIL,15.88,1.4,6000.0,6.0,ERW 1,Non fin cut,lookup error,,,,Yes,0.0,7.367,name a material code,,,,
19-12.5-3.25-6.2-CEW-NFC,19-12.5-3.25-CEW-CEW,TVSM,19,3.25,6200.0,6.2,nan,lookup error,lookup error,,,,Yes,0.0,1.565,name a material code,,,,
19.05-0-2-5.58-ERW 1-NFC,19.05-0-2-ERW 1-PE,TVSM,19.05,2,5580.0,5.58,ERW 1,lookup error,lookup error,,,,Yes,0.0,0.887,name a material code,,,,
19.05-0-2-5.955-ERW 1-NFC,19.05-0-2-ERW 1-PE,TVSM,19.05,2,5955.0,5.955,ERW 1,lookup error,lookup error,,,,Yes,0.0,0.941,name a material code,,,,
19.05-0-2.3-6.32-ERW 1-NFC,19.05-0-2.3-ERW 1-PE,TVSM,19.05,2.3,6320.0,6.32,ERW 1,Non fin cut,lookup error,,,,Yes,0.0,17.233,name a material code,,,,
22.23-0-1.2-5.3-ERW 1-NFC,22.23-0-1.2-ERW 1-PE,TVSM,22.23,1.2,5300.0,5.3,nan,lookup error,lookup error,,,,Yes,0.0,6.466,name a material code,,,,
25.4-0-1.6-5.27-ERW 1-FC,25.4-0-1.6-ERW 1-FC,TVSM,25.4,1.6,5270.0,5.27,nan,lookup error,lookup error,,,,Yes,0.0,2.504,name a material code,,,,
25.4-0-2.5-3.5-CEW-NFC,25.4-0-2.5-CEW-CEW,TVSM,25.4,2.6,3500.0,3.5,CEW,Fin cut,lookup error,,,056: NEW MCR,Yes,0.0,3.479,name a material code,,,,
31.75-0-1.2-6-ERW 1-FC,31.75-0-1.2-ERW 1-FC,TVSM,31.75,1.2,6000.0,6.0,ERW 1,Fin cut,3884381,056,3884381,,Yes,0.0,21.177,add code to Bucketting,,,,
31.75-0-2.3-6-ERW 1-FC,31.75-0-2.3-ERW 1-FC,TVSM,31.75,2.3,6000.0,6.0,nan,lookup error,lookup error,,,,Yes,0.0,20.336,name a material code,,,,
31.9-0-4.55-6-CEW-FC,none - RE or HMSIL size,RE or HMSIL,31.9,4.55,6000.0,6.0,CEW,Fin cut,lookup error,,,,Yes,0.0,13.166,name a material code,,,,
38.1-0-1.6-5.88-ERW 1-FC,38.1-0-1.6-ERW 1-FC,TVSM,38.1,1.6,5880.0,5.88,ERW 1,Fin cut,lookup error,,,,Yes,0.0,6.318,name a material code,,,,
41.28-0-3.2-5.94-ERW 1-FC,41.28-0-3.2-ERW 1-FC,TVSM,41.28,3.15,5940.0,5.94,nan,lookup error,lookup error,,,,Yes,0.0,14.005,name a material code,,,,
45-0-1.4-5.7-ERW 1-FC,none - RE or HMSIL size,RE or HMSIL,45,1.4,5700.0,5.7,ERW 1,Fin cut,lookup error,,,,Yes,0.0,5.14,name a material code,,,,
50-50-1.6-6.121-ERW 1-NFC,50-50-1.6-ERW 1-PE,TVSM,50,1.6,6121.0,6.121,ERW 1,Fin cut,lookup error,,,,Yes,0.0,15.197,name a material code,,,,
50.8-0-2.6-5.94-ERW 1-FC,none - RE or HMSIL size,RE or HMSIL,50.8,2.6,5940.0,5.94,ERW 1,Fin cut,lookup error,,,,Yes,0.0,14.283,name a material code,,,,
57.15-0-2.5-5.75-ERW 1-FC,57.15-0-2.5-ERW 1-FC,TVSM,57.15,2.5,5750.0,5.75,ERW 1,Fin cut,lookup error,,,,Yes,0.0,25.98,name a material code,,,,
lookup error,lookup error,,48.6,2,6270.0,6.27,lookup error,lookup error,lookup error,,,"plan row has no bucket key, grade, cut type",No,0.0,10.981,"state bucket key, grade, cut type, then assign bucket",,,,
12.7-0-1.2-6-ERW 1-NFC,12.7-0-1.2-ERW 1-PE,TVSM,12.7,1.2,6000.0,6.0,ERW 1,Non fin cut,1939985,0789,,,Yes,0.0,17.575,complete,,,,
12.7-0-1.4-5.67-ERW 1-NFC,none - RE or HMSIL size,RE or HMSIL,12.7,1.4,5670.0,5.67,ERW 1,Non fin cut,3552188,0789,,,Yes,0.0,0.221,complete,,,,
12.7-0-1.6-6-ERW 1-NFC,12.7-0-1.6-ERW 1-PE,TVSM,12.7,1.6,6000.0,6.0,ERW 1,Non fin cut,1931154,0789,,,Yes,0.0,2.363,complete,,,,
15.88-0-1.2-6-ERW 1-NFC,15.88-0-1.2-ERW 1-PE,TVSM,15.88,1.2,6000.0,6.0,ERW 1,Non fin cut,1940054,0789,,,Yes,0.0,1.569,complete,,,,
15.88-0-1.6-6-ERW 1-NFC,15.88-0-1.6-ERW 1-PE,TVSM,15.88,1.6,6000.0,6.0,ERW 1,Non fin cut,1900224,0789,,,Yes,0.0,10.663,complete,,,,
18.2-0-1-6.145-ERW 1-NFC,18.2-0-1-ERW 1-PE,TVSM,18.2,1,6145.0,6.145,ERW 1,Non fin cut,2288945,0789,,,Yes,0.0,4.9,complete,,,,
19.05-0-1.4-6-ERW 2-NFC,none - HMSIL size,HMSIL,19.05,1.4,6000.0,6.0,ERW 2,Non fin cut,"1931848, 3891285","056, 0789",3891285,,Yes,0.0,3.89,complete,,,,
19.05-0-1.6-6-ERW 1-NFC,19.05-0-1.6-ERW 1-PE,TVSM,19.05,1.6,6000.0,6.0,ERW 1,Non fin cut,"2405716, 3498997","056, 0789",,,Yes,0.0,10.403,complete,,,,
19.05-0-2-6.2-ERW 1-NFC,19.05-0-2-ERW 1-PE,TVSM,19.05,2,6200.0,6.2,ERW 1,Non fin cut,3673888,056,,,Yes,0.0,2.706,complete,,,,
19.05-0-2.3-7-ERW 1-NFC,19.05-0-2.3-ERW 1-PE,TVSM,19.05,2.3,7000.0,7.0,nan,lookup error,3500582,056,,,Yes,0.0,9.903,complete,,,,
22.23-0-1.2-5.87-ERW 1-NFC,22.23-0-1.2-ERW 1-PE,TVSM,22.23,1.2,5870.0,5.87,ERW 1,Non fin cut,3882110,056,,,Yes,0.0,19.105,complete,,,,
22.23-0-1.6-5.264-ERW 1-NFC,22.23-0-1.6-ERW 1-PE,TVSM,22.23,1.6,5264.0,5.264,ERW 1,Non fin cut,3501116,056,,,Yes,0.0,12.473,complete,,,,
22.23-0-1.6-5.27-ERW 1-NFC,22.23-0-1.6-ERW 1-PE,TVSM,22.23,1.6,5270.0,5.27,ERW 1,Non fin cut,3575894,0789,,,Yes,0.0,47.219,complete,,,,
22.23-0-1.6-5.67-ERW 1-NFC,22.23-0-1.6-ERW 1-PE,TVSM,22.23,1.6,5670.0,5.67,ERW 1,Non fin cut,"3954021, 4055022","056, 0789",,,Yes,0.0,24.717,complete,,,,
22.23-0-1.6-5.685-ERW 1-NFC,22.23-0-1.6-ERW 1-PE,TVSM,22.23,1.6,5685.0,5.685,ERW 1,Non fin cut,"3570690, 4173571","056, 0789",,,Yes,0.0,49.2,complete,,,,
22.23-0-2-5.4-ERW 1-FC,22.23-0-2-ERW 1-FC,TVSM,22.23,2,5400.0,5.4,ERW 1,Fin cut,2431251,0789,,,Yes,0.0,38.183,complete,,,,
22.23-0-2-5.951-ERW 1-NFC,22.23-0-2-ERW 1-PE,TVSM,22.23,2,5951.0,5.951,ERW 1,Non fin cut,3905466,056,,,Yes,0.0,41.996,complete,,,,
22.23-0-2-6-ERW 2-FC,22.23-0-2-ERW 2-FC,TVSM,22.23,2,6000.0,6.0,ERW 2,Fin cut,"3410966, 3502494","056, 0789",,,Yes,0.0,48.637,complete,,,,
25.4-0-1.4-5.531-ERW 2-FC,none - RE or HMSIL size,RE or HMSIL,25.4,1.4,5531.0,5.531,ERW 2,Fin cut,3501900,056,,,Yes,0.0,16.733,complete,,,,
25.4-0-1.4-6.06-ERW 1-FC,none - HMSIL size,HMSIL,25.4,1.4,6060.0,6.06,ERW 1,Fin cut,"3557792, 3570429","056, 0789",,,Yes,0.0,15.968,complete,,,,
25.4-0-1.6-6-ERW 1-FC,25.4-0-1.6-ERW 1-FC,TVSM,25.4,1.6,6000.0,6.0,ERW 1,Non fin cut,3500097,056,,,Yes,0.0,34.422,complete,,,,
25.4-0-2-5.84-ERW 1-NFC,25.4-0-2-ERW 1-PE,TVSM,25.4,2,5840.0,5.84,ERW 1,Non fin cut,3673890,056,,,Yes,0.0,24.198,complete,,,,
25.4-0-2-6-ERW 1-NFC,25.4-0-2-ERW 1-PE,TVSM,25.4,2,6000.0,6.0,ERW 1,Non fin cut,3500096,056,,,Yes,0.0,24.12,complete,,,,
25.4-0-2.5-5.53-ERW 1-FC,25.4-0-2.5-ERW 1-FC,TVSM,25.4,2.5,5530.0,5.53,ERW 1,Fin cut,3502256,"056, 0789",,,Yes,0.0,35.634,complete,,,,
28.58-0-3.2-6.06-ERW 1-FC,none - HMSIL size,HMSIL,28.58,3.2,6060.0,6.06,ERW 1,Fin cut,"1931046, 1940627","0788, 0789",1931046,,Yes,0.0,3.314,complete,,,,
31.75-0-2.3-5.92-ERW 1-FC,31.75-0-2.3-ERW 1-FC,TVSM,31.75,2.3,5920.0,5.92,ERW 1,Fin cut,1940684,0789,,,Yes,0.0,19.59,complete,,,,
34.93-0-1.2-5.1-ERW 1-FC,34.93-0-1.2-ERW 1-FC,TVSM,34.93,1.2,5100.0,5.1,ERW 1,Fin cut,4172674,056,,,Yes,0.0,5.931,complete,,,,
34.93-0-1.2-5.9-ERW 1-FC,34.93-0-1.2-ERW 1-FC,TVSM,34.93,1.2,5900.0,5.9,ERW 1,Fin cut,3499396,056,,,Yes,0.0,2.32,complete,,,,
38.1-0-1.6-6.19-ERW 2 MAHS-FC,38.1-0-1.6-ERW 2 MAHS-FC,TVSM,38.1,1.6,6190.0,6.19,ERW 2,Fin cut,3502254,056,,,Yes,0.0,11.242,complete,,,,
38.1-0-2-5.65-ERW 1-FC,38.1-0-2-ERW 1-FC,TVSM,38.1,2,5650.0,5.65,ERW 1,Fin cut,3500959,056,,,Yes,0.0,38.691,complete,,,,
38.1-0-2.5-6.19-ERW 2 MAHS-FC,38.1-0-2.5-ERW 2 MAHS-FC,TVSM,38.1,2.5,6190.0,6.19,ERW 2,Fin cut,3502007,056,,,Yes,0.0,92.686,complete,,,,
38.1-0-3.2-6.16-ERW 2-FC,none - RE or HMSIL size,RE or HMSIL,38.1,3.2,6160.0,6.16,ERW 2,Fin cut,4156196,"056, 0788",4156196,,Yes,0.0,14.489,complete,,,,
40-25-1.6-5.99-ERW 1-FC,40-25-1.6-ERW 1-FC,TVSM,40,1.6,5990.0,5.99,ERW 1,Fin cut,3597718,0789,,,Yes,0.0,11.881,complete,,,,
41.28-0-3.2-5.86-ERW 1-FC,41.28-0-3.2-ERW 1-FC,TVSM,41.28,3.15,5860.0,5.86,ERW 1,Fin cut,"3230501, 3673889","056, 0789",,,Yes,0.0,4.114,complete,,,,
42.7-0-1.6-5.94-ERW 2-FC,none - RE or HMSIL size,RE or HMSIL,42.7,1.6,5940.0,5.94,ERW 2,Fin cut,4230724,0789,4230724,,Yes,0.0,2.562,complete,,,,
42.7-0-3.5-6-ERW 1-FC,42.7-0-3.5-ERW 1-FC,TVSM,42.7,3.5,6000.0,6.0,ERW 1,Fin cut,3500650,056,,,Yes,0.0,12.12,complete,,,,
42.7-0-4-5.5-ERW 1-FC,42.7-0-4-ERW 1-FC,TVSM,42.7,4,5500.0,5.5,ERW 1,Fin cut,3500714,0788,,,Yes,0.0,23.096,complete,,,,
45-0-1.4-6.4-ERW 2-FC,none - HMSIL size,HMSIL,45,1.4,6400.0,6.4,ERW 2,Fin cut,3514971,0789,,,Yes,0.0,26.793,complete,,,,
45-0-1.6-6.4-ERW 2-FC,none - HMSIL size,HMSIL,45,1.6,6400.0,6.4,ERW 2,Fin cut,3702882,0789,,,Yes,0.0,15.245,complete,,,,
45-0-3.5-6.1-CEW-FC,none - RE or HMSIL size,RE or HMSIL,45,3.5,6100.0,6.1,CEW,Fin cut,3500263,056,3500263,,Yes,0.0,21.676,complete,,,,
47.63-0-4-6-CEW-FC,none - RE or HMSIL size,RE or HMSIL,47.63,4,6000.0,6.0,CEW,Fin cut,3500635,0788,3500635,,Yes,0.0,6.172,complete,,,,
48-0-1.2-5.285-ERW 1-FC,none - RE size,RE,48,1.2,5285.0,5.285,ERW 1,Fin cut,4038150,0789,,,Yes,0.0,3.111,complete,,,,
48-0-1.2-5.55-ERW 1-FC,none - RE size,RE,48,1.2,5550.0,5.55,ERW 1,Fin cut,4180803,0789,,,Yes,0.0,3.759,complete,,,,
48-0-1.2-5.67-ERW 1-FC,none - RE size,RE,48,1.2,5670.0,5.67,ERW 1,Fin cut,3460088,0789,,,Yes,0.0,6.102,complete,,,,
48.6-0-2.3-6.27-ERW 2-FC,none - HMSIL size,HMSIL,48.6,2.3,6270.0,6.27,ERW 2,Fin cut,3549720,056,,,Yes,0.0,39.618,complete,,,,
48.6-0-3.5-6.05-ERW 1-FC,48.6-0-3.5-ERW 1-FC,TVSM,48.6,3.5,6050.0,6.05,ERW 1,Fin cut,3502422,056,,,Yes,0.0,41.145,complete,,,,
50-50-1.6-6.06-ERW 1-NFC,50-50-1.6-ERW 1-PE,TVSM,50,1.6,6060.0,6.06,ERW 1,Fin cut,3751498,0788,,,Yes,0.0,0.613,complete,,,,
50.8-0-2.6-6-ERW 1-FC,none - RE or HMSIL size,RE or HMSIL,50.8,2.6,6000.0,6.0,ERW 1,Fin cut,4155237,056,4155237,,Yes,0.0,18.154,complete,,,,
54-0-3-5.91-ERW 1-FC,54-0-3-ERW 1-FC,TVSM,54,3,5910.0,5.91,ERW 1,Fin cut,3500391,0788,,,Yes,0.0,45.135,complete,,,,
57.15-0-2.5-5.71-ERW 1-FC,57.15-0-2.5-ERW 1-FC,TVSM,57.15,2.5,5710.0,5.71,ERW 1,Fin cut,3907863,"056, 0789",,,Yes,0.0,83.594,complete,,,,
57.15-0-2.5-5.95-ERW 1-FC,57.15-0-2.5-ERW 1-FC,TVSM,57.15,2.5,5950.0,5.95,ERW 1,Fin cut,4045220,"056, 0789",,,Yes,0.0,5.954,complete,,,,
57.15-0-2.5-6.1-ERW 1-FC,57.15-0-2.5-ERW 1-FC,TVSM,57.15,2.5,6100.0,6.1,ERW 1,Fin cut,3910001,"056, 0789",,,Yes,0.0,73.169,complete,,,,
57.15-0-3-5.65-ERW 1-NFC,none - HMSIL size,HMSIL,57.15,3,5650.0,5.65,ERW 1,lookup error,3501105,056,,,Yes,0.0,29.313,complete,,,,
60.3-0-2-6-ERW 1-FC,60.3-0-2-ERW 1-FC,TVSM,60.3,2,6000.0,6.0,ERW 1,Fin cut,3702875,"056, 0788",,,Yes,0.0,2.243,complete,,,,
