length_sku_key,current_bucket,od_mm,thickness_mm,length_mm,length_m,grade,cut_type,material_codes,plants,codes_not_in_bucketting,plan_note,on_megh_tab,schedule_mt,stock_mt,what_is_needed,assign_length_bucket,assign_bucket,assign_material_code,remark
lookup error,lookup error,57.15,2.5,6020.0,6.02,lookup error,lookup error,lookup error,,,"plan row has no bucket key, grade, cut type",No,60.0,0.0,"state bucket key, grade, cut type, then assign bucket",,,,
48-0-1.2-5.285-ERW 1-FC,lookup error,48,1.2,5285.0,5.285,ERW 1,Fin cut,4038150,0789,,,Yes,48.0,0.0,assign bucket,,,,
25.4-0-1.6-5.84-ERW 1-FC,25.4-0-1.6-ERW 1-FC,25.4,1.6,5840.0,5.84,ERW 1,Non fin cut,4149395,0789,4149395,,Yes,31.0,0.0,add code to Bucketting,,,,
lookup error,lookup error,19.05,2.3,7000.0,7.0,lookup error,lookup error,lookup error,,,"plan row has no bucket key, grade, cut type",No,30.0,16.932,"state bucket key, grade, cut type, then assign bucket",,,,
45-0-1.6-6.4-ERW 2-FC,lookup error,45,1.6,6400.0,6.4,ERW 2,Fin cut,3702882,0789,,,Yes,28.0,2.663,assign bucket,,,,
42.7-0-1.6-5.94-ERW 2-FC,lookup error,42.7,1.6,5940.0,5.94,ERW 2,Fin cut,4230724,0789,4230724,,Yes,25.0,2.562,assign bucket; add code to Bucketting,,,,
lookup error,lookup error,29.4,4.5,4440.0,4.44,lookup error,lookup error,lookup error,,,"plan row has no bucket key, grade, cut type",No,25.0,0.0,"state bucket key, grade, cut type, then assign bucket",,,,
45-0-1.4-6.4-ERW 2-FC,lookup error,45,1.4,6400.0,6.4,ERW 2,Fin cut,3514971,0789,,,Yes,24.0,9.567,assign bucket,,,,
25.4-0-1.4-6.06-ERW 1-FC,lookup error,25.4,1.4,6060.0,6.06,ERW 1,Fin cut,"3557792, 3570429","056, 0789",,,Yes,23.0,15.968,assign bucket,,,,
57.15-0-3-5.65-ERW 1-NFC,lookup error,57.15,3,5650.0,5.65,ERW 1,lookup error,3501105,056,,,Yes,22.0,10.141,assign bucket,,,,
34.93-0-1.2-5.9-ERW 1-FC,lookup error,34.93,1.2,5900.0,5.9,ERW 1,Fin cut,3499396,056,,,Yes,20.0,2.32,assign bucket,,,,
48-0-1.2-5.55-ERW 1-FC,lookup error,48,1.2,5550.0,5.55,ERW 1,Fin cut,4180803,0789,,,Yes,20.0,0.0,assign bucket,,,,
lookup error,lookup error,48.6,1.6,572.5,0.5725,lookup error,lookup error,lookup error,,,"plan row has no bucket key, grade, cut type",No,20.0,0.0,"state bucket key, grade, cut type, then assign bucket",,,,
34.93-0-1.2-0.65-ERW 1-NFC,lookup error,34.93,1.2,650.0,0.65,ERW 1,lookup error,lookup error,,,,Yes,19.0,0.0,assign bucket; name a material code,,,,
28.58-0-3.2-6.06-ERW 1-FC,lookup error,28.58,3.2,6060.0,6.06,ERW 1,Fin cut,"1931046, 1940627","0788, 0789",1931046,,Yes,18.0,15.56,assign bucket; add code to Bucketting,,,,
48-0-1.2-5.67-ERW 1-FC,lookup error,48,1.2,5670.0,5.67,ERW 1,Fin cut,3460088,0789,,,Yes,18.0,0.0,assign bucket,,,,
48.6-0-2.3-6.27-ERW 2-FC,lookup error,48.6,2.3,6270.0,6.27,ERW 2,Fin cut,3549720,056,,,Yes,13.0,13.535,assign bucket,,,,
lookup error,lookup error,48.6,2,6270.0,6.27,lookup error,lookup error,lookup error,,,"plan row has no bucket key, grade, cut type",No,12.0,0.0,"state bucket key, grade, cut type, then assign bucket",,,,
19.05-0-1.4-6-ERW 2-NFC,lookup error,19.05,1.4,6000.0,6.0,ERW 2,Non fin cut,"1931848, 3891285","056, 0789",3891285,,Yes,11.0,6.786,assign bucket; add code to Bucketting,,,,
31.75-0-1.2-5.1-ERW 1-FC,31.75-0-1.2-ERW 1-FC,31.75,1.2,5100.0,5.1,ERW 1,Fin cut,lookup error,,,,Yes,10.0,0.0,name a material code,,,,
31.75-0-2-6-ERW 1-FC,lookup error,31.75,2,6000.0,6.0,ERW 1,Fin cut,1931387,0789,1931387,,Yes,10.0,0.0,assign bucket; add code to Bucketting,,,,
34.93-0-1.2-0.78-ERW 1-NFC,lookup error,34.93,1.2,780.0,0.78,ERW 1,lookup error,lookup error,,,,Yes,10.0,0.0,assign bucket; name a material code,,,,
47.63-0-4-6-CEW-FC,lookup error,47.63,4,6000.0,6.0,CEW,Fin cut,3500635,0788,3500635,,Yes,10.0,6.172,assign bucket; add code to Bucketting,,,,
lookup error,lookup error,22.23,1.2,5300.0,5.3,lookup error,lookup error,lookup error,,,"plan row has no bucket key, grade, cut type",No,9.5,3.765,"state bucket key, grade, cut type, then assign bucket",,,,
28.6-0-2.6-4.5-CEW-NFC,28.6-0-2.65-CEW-CEW,28.58,2.6,4500.0,4.5,CEW,Fin cut,lookup error,,,,Yes,8.0,0.0,name a material code,,,,
22.23-0-1.4-6-ERW 2-NFC,lookup error,22.23,1.4,6000.0,6.0,ERW 2,Non fin cut,3829175,056,,,Yes,6.0,0.0,assign bucket,,,,
45-0-1.4-5.7-ERW 1-FC,lookup error,45,1.4,5700.0,5.7,ERW 1,Fin cut,lookup error,,,,Yes,5.0,8.743,assign bucket; name a material code,,,,
50.8-0-2.6-6-ERW 1-FC,lookup error,50.8,2.6,6000.0,6.0,ERW 1,Fin cut,4155237,056,4155237,,Yes,5.0,14.427,assign bucket; add code to Bucketting,,,,
12.7-0-2-6-ERW 1-NFC,lookup error,12.7,2,6000.0,6.0,ERW 1,Non fin cut,lookup error,,,,Yes,2.0,0.0,assign bucket; name a material code,,,,
12.7-0-1.4-5.67-ERW 1-NFC,lookup error,12.7,1.4,5670.0,5.67,ERW 1,Non fin cut,3552188,0789,,,Yes,1.5,0.869,assign bucket,,,,
15.88-0-1.4-6-ERW 1-NFC,lookup error,15.88,1.4,6000.0,6.0,ERW 1,Non fin cut,lookup error,,,,Yes,0.0,7.367,assign bucket; name a material code,,,,
19.05-0-2.3-6.32-ERW 1-NFC,19.05-0-2.3-ERW 1-PE,19.05,2.3,6320.0,6.32,ERW 1,Non fin cut,lookup error,,,,Yes,0.0,17.233,name a material code,,,,
25.4-0-1.4-5.531-ERW 2-FC,lookup error,25.4,1.4,5531.0,5.531,ERW 2,Fin cut,3501900,056,,,Yes,0.0,16.733,assign bucket,,,,
25.4-0-2-6-ERW 1-NFC,lookup error,25.4,2,6000.0,6.0,ERW 1,Non fin cut,3500096,056,,,Yes,0.0,24.12,assign bucket,,,,
25.4-0-2.5-3.5-CEW-NFC,25.4-0-2.5-CEW-CEW,25.4,2.6,3500.0,3.5,CEW,Fin cut,lookup error,,,056: NEW MCR,Yes,0.0,3.479,name a material code,,,,
30-0-3-3.5-CEW-FC,lookup error,30,3,3500.0,3.5,CEW,Fin cut,lookup error,,,,Yes,0.0,2.587,assign bucket; name a material code,,,,
31.75-0-2.3-6-ERW 1-FC,31.75-0-2.3-ERW 1-FC,31.75,2.3,6000.0,6.0,nan,lookup error,lookup error,,,,Yes,0.0,20.336,name a material code,,,,
31.9-0-4.55-6-CEW-FC,lookup error,31.9,4.55,6000.0,6.0,CEW,Fin cut,lookup error,,,,Yes,0.0,13.166,assign bucket; name a material code,,,,
38.1-0-1.6-5.88-ERW 1-FC,38.1-0-1.6-ERW 1-FC,38.1,1.6,5880.0,5.88,ERW 1,Fin cut,lookup error,,,,Yes,0.0,6.318,name a material code,,,,
38.1-0-3.2-6.16-ERW 2-FC,lookup error,38.1,3.2,6160.0,6.16,ERW 2,Fin cut,4156196,"056, 0788",4156196,,Yes,0.0,22.972,assign bucket; add code to Bucketting,,,,
41.28-0-2.6-6.02-ERW 1-FC,41.28-0-2.6-ERW 1-FC,41.28,2.6,6020.0,6.02,ERW 1,Fin cut,lookup error,,,,Yes,0.0,6.599,name a material code,,,,
45-0-3.5-6.1-CEW-FC,lookup error,45,3.5,6100.0,6.1,CEW,Fin cut,3500263,056,3500263,,Yes,0.0,21.676,assign bucket; add code to Bucketting,,,,
50.8-0-2.6-5.94-ERW 1-FC,lookup error,50.8,2.6,5940.0,5.94,ERW 1,Fin cut,lookup error,,,,Yes,0.0,17.385,assign bucket; name a material code,,,,
57.15-0-2.5-5.75-ERW 1-FC,57.15-0-2.5-ERW 1-FC,57.15,2.5,5750.0,5.75,ERW 1,Fin cut,lookup error,,,,Yes,0.0,26.29,name a material code,,,,
63.5-0-1.6-6.121-ERW 1-FC,lookup error,63.5,1.6,6121.0,6.121,ERW 1,Fin cut,lookup error,,,,Yes,0.0,19.436,assign bucket; name a material code,,,,
lookup error,lookup error,19,3.25,6200.0,6.2,lookup error,lookup error,lookup error,,,"plan row has no bucket key, grade, cut type",No,0.0,1.565,"state bucket key, grade, cut type, then assign bucket",,,,
lookup error,lookup error,25.4,1.6,5270.0,5.27,lookup error,lookup error,lookup error,,,"plan row has no bucket key, grade, cut type",No,0.0,2.504,"state bucket key, grade, cut type, then assign bucket",,,,
22.23-0-2-5.951-ERW 1-NFC,22.23-0-2-ERW 1-PE,22.23,2,5951.0,5.951,ERW 1,Non fin cut,3905466,056,,,Yes,159.0,57.975,complete,,,,
57.15-0-2.5-6.1-ERW 1-FC,57.15-0-2.5-ERW 1-FC,57.15,2.5,6100.0,6.1,ERW 1,Fin cut,3910001,"056, 0789",,,Yes,118.0,18.272,complete,,,,
38.1-0-2.5-6.19-ERW 2 MAHS-FC,38.1-0-2.5-ERW 2 MAHS-FC,38.1,2.5,6190.0,6.19,ERW 2,Fin cut,3502007,056,,,Yes,97.0,99.859,complete,,,,
41.28-0-3.2-5.94-ERW 1-FC,41.28-0-3.2-ERW 1-FC,41.28,3.15,5940.0,5.94,ERW 1,Fin cut,"3597050, 3673889","056, 0789",,,Yes,87.0,0.0,complete,,,,
41.28-0-2.6-6-ERW 1-FC,41.28-0-2.6-ERW 1-FC,41.28,2.6,6000.0,6.0,ERW 1,Fin cut,"3501716, 3994149","056, 0789",,,Yes,85.0,0.0,complete,,,,
38.1-0-1.6-6.19-ERW 2 MAHS-FC,38.1-0-1.6-ERW 2 MAHS-FC,38.1,1.6,6190.0,6.19,ERW 2,Fin cut,3502254,056,,,Yes,64.0,17.661,complete,,,,
22.23-0-2-6-ERW 2-FC,22.23-0-2-ERW 2-FC,22.23,2,6000.0,6.0,ERW 2,Fin cut,"3410966, 3502494","056, 0789",,,Yes,60.0,20.02,complete,,,,
25.4-0-2.5-5.53-ERW 1-FC,25.4-0-2.5-ERW 1-FC,25.4,2.5,5530.0,5.53,ERW 1,Fin cut,3502256,"056, 0789",,,Yes,56.0,44.168,complete,,,,
22.23-0-1.6-5.264-ERW 1-NFC,22.23-0-1.6-ERW 1-PE,22.23,1.6,5264.0,5.264,ERW 1,Non fin cut,3501116,056,,,Yes,55.0,3.393,complete,,,,
22.23-0-1.6-5.67-ERW 1-NFC,22.23-0-1.6-ERW 1-PE,22.23,1.6,5670.0,5.67,ERW 1,Non fin cut,"3954021, 4055022","056, 0789",,,Yes,50.0,20.947,complete,,,,
19.05-0-2-5.841-ERW 1-NFC,19.05-0-2-ERW 1-PE,19.05,2,5841.0,5.841,ERW 1,Non fin cut,3673888,056,,,Yes,48.0,0.0,complete,,,,
60.3-0-2-6-ERW 1-FC,60.3-0-2-ERW 1-FC,60.3,2,6000.0,6.0,ERW 1,Fin cut,3702875,"056, 0788",,,Yes,39.0,9.714,complete,,,,
42.7-0-4-5.5-ERW 1-FC,42.7-0-4-ERW 1-FC,42.7,4,5500.0,5.5,ERW 1,Fin cut,3500714,0788,,,Yes,38.0,31.747,complete,,,,
25.4-0-2-5.84-ERW 1-FC,25.4-0-2-ERW 1-FC,25.4,2,5840.0,5.84,ERW 1,Non fin cut,3673890,056,,,Yes,32.0,27.5,complete,,,,
48.6-0-3.5-6.05-ERW 1-FC,48.6-0-3.5-ERW 1-FC,48.6,3.5,6050.0,6.05,ERW 1,Fin cut,3502422,056,,,Yes,20.0,47.268,complete,,,,
54-0-3-5.91-ERW 1-FC,54-0-3-ERW 1-FC,54,3,5910.0,5.91,HST,Fin cut,3500391,0788,,,Yes,20.0,48.836,complete,,,,
19.05-0-2-5.8-ERW 1-NFC,19.05-0-2-ERW 1-PE,19.05,2,5800.0,5.8,ERW 1,Non fin cut,1940292,0789,,,Yes,17.0,4.707,complete,,,,
34.93-0-1.2-5.1-ERW 1-FC,34.93-0-1.2-ERW 1-FC,34.93,1.2,5100.0,5.1,ERW 1,Fin cut,4172674,056,,,Yes,17.0,10.945,complete,,,,
19.05-0-1.6-6-ERW 1-NFC,19.05-0-1.6-ERW 1-PE,19.05,1.6,6000.0,6.0,ERW 1,Non fin cut,"2405716, 3498997","056, 0789",,,Yes,15.0,11.778,complete,,,,
31.75-0-2.3-5.92-ERW 1-FC,31.75-0-2.3-ERW 1-FC,31.75,2.3,5920.0,5.92,ERW 1,Fin cut,1940684,0789,,,Yes,15.0,1.958,complete,,,,
40-30-1.6-5.9-ERW 1-FC,40-30-1.6-ERW 1-FC,44.45,1.6,5900.0,5.9,ERW 1,Fin cut,4164767,0789,,,Yes,15.0,0.0,complete,,,,
60.3-0-2-5.9-ERW 1-FC,60.3-0-2-ERW 1-FC,60.3,2,5900.0,5.9,ERW 1,Fin cut,3905049,0788,,,Yes,15.0,0.0,complete,,,,
40-25-1.6-5.99-ERW 1-FC,40-25-1.6-ERW 1-FC,41.28,1.6,5990.0,5.99,ERW 1,Fin cut,3597718,0789,,,Yes,13.0,13.88,complete,,,,
50-50-1.6-6.06-ERW 1-NFC,50-50-1.6-ERW 1-PE,63.5,1.6,6060.0,6.06,ERW 1,Fin cut,3751498,0788,,,Yes,13.0,0.784,complete,,,,
22.23-0-1.2-5.87-ERW 1-NFC,22.23-0-1.2-ERW 1-PE,22.23,1.2,5870.0,5.87,ERW 1,Non fin cut,3882110,056,,,Yes,10.0,21.038,complete,,,,
22.23-0-1.6-5.27-ERW 1-NFC,22.23-0-1.6-ERW 1-PE,22.23,1.6,5270.0,5.27,ERW 1,Non fin cut,3575894,0789,,,Yes,10.0,36.788,complete,,,,
22.23-0-2-5.4-ERW 1-FC,22.23-0-2-ERW 1-FC,22.23,2,5400.0,5.4,ERW 1,Fin cut,2431251,0789,,,Yes,10.0,34.185,complete,,,,
25.4-0-1.6-6-ERW 1-FC,25.4-0-1.6-ERW 1-FC,25.4,1.6,6000.0,6.0,ERW 1,Non fin cut,3500097,056,,,Yes,10.0,41.071,complete,,,,
25.4-0-2.5-5.95-ERW 1-FC,25.4-0-2.5-ERW 1-FC,25.4,2.5,5950.0,5.95,ERW 1,Fin cut,3682066,056,,,Yes,10.0,0.0,complete,,,,
38.1-0-2-5.65-ERW 1-FC,38.1-0-2-ERW 1-FC,38.1,2,5650.0,5.65,ERW 1,Fin cut,3500959,056,,,Yes,10.0,42.444,complete,,,,
12.7-0-1.2-6-ERW 1-NFC,12.7-0-1.2-ERW 1-PE,12.7,1.2,6000.0,6.0,ERW 1,Non fin cut,1939985,0789,,,Yes,6.0,10.275,complete,,,,
15.88-0-1.2-6-ERW 1-NFC,15.88-0-1.2-ERW 1-PE,15.88,1.2,6000.0,6.0,ERW 1,Non fin cut,1940054,0789,,,Yes,5.0,1.569,complete,,,,
18.2-0-1-6.145-ERW 1-NFC,18.2-0-1-ERW 1-PE,18.2,1,6145.0,6.145,ERW 1,Non fin cut,2288945,0789,,,Yes,5.0,6.256,complete,,,,
21.4-0-1.6-6-ERW 1-NFC,21.4-0-1.6-ERW 1-PE,21.4,1.6,6000.0,6.0,ERW 1,Non fin cut,3219710,0789,,,Yes,5.0,0.0,complete,,,,
19.05-0-2.3-6-ERW 1-NFC,19.05-0-2.3-ERW 1-PE,19.05,2.3,6000.0,6.0,ERW 1,Non fin cut,3499232,056,,,Yes,4.0,0.0,complete,,,,
15.88-0-2-6-ERW 1-NFC,15.88-0-2-ERW 1-PE,15.88,2,6000.0,6.0,ERW 1,Non fin cut,1940120,0789,,,Yes,3.0,0.0,complete,,,,
42.7-0-3.5-6.05-ERW 1-FC,42.7-0-3.5-ERW 1-FC,42.7,3.5,6050.0,6.05,ERW 1,Fin cut,3500650,"056, 0788",,,Yes,1.5,39.631,complete,,,,
15.88-0-1.6-6-ERW 1-NFC,15.88-0-1.6-ERW 1-PE,15.88,1.6,6000.0,6.0,ERW 1,Non fin cut,1900224,0789,,,Yes,1.0,10.663,complete,,,,
59-30-1.6-6-ERW 1-FC,59-30-1.6-ERW 1-FIN CUT,48.6,1.6,6000.0,6.0,ERW 1,Fin cut,1940925,0789,,,Yes,1.0,0.0,complete,,,,
57.15-0-2.5-5.71-ERW 1-FC,57.15-0-2.5-ERW 1-FC,57.15,2.5,5710.0,5.71,ERW 1,Fin cut,3907863,"056, 0789",,,Yes,0.001,59.93,complete,,,,
12.7-0-1.6-6-ERW 1-NFC,12.7-0-1.6-ERW 1-PE,12.7,1.6,6000.0,6.0,ERW 1,Non fin cut,1931154,0789,,,Yes,0.0,2.741,complete,,,,
22.23-0-1.6-5.685-ERW 1-NFC,22.23-0-1.6-ERW 1-PE,22.23,1.6,5685.0,5.685,ERW 1,Non fin cut,"3570690, 4173571","056, 0789",,,Yes,0.0,27.869,complete,,,,
31.75-0-1.2-6-ERW 1-FC,31.75-0-1.2-ERW 1-FC,31.75,1.2,6000.0,6.0,ERW 1,Fin cut,3884381,056,,,Yes,0.0,22.279,complete,,,,
41.28-0-3.2-5.86-ERW 1-FC,41.28-0-3.2-ERW 1-FC,41.28,3.15,5860.0,5.86,ERW 1,Fin cut,"3230501, 3673889","056, 0789",,,Yes,0.0,4.114,complete,,,,
42.7-0-3.5-6-ERW 1-FC,42.7-0-3.5-ERW 1-FC,42.7,3.5,6000.0,6.0,ERW 1,Fin cut,3500650,056,,,Yes,0.0,12.12,complete,,,,
57.15-0-2.5-5.95-ERW 1-FC,57.15-0-2.5-ERW 1-FC,57.15,2.5,5950.0,5.95,ERW 1,Fin cut,4045220,"056, 0789",,,Yes,0.0,13.352,complete,,,,
59-30-1.6-5.81-ERW 1-FC,59-30-1.6-ERW 1-FIN CUT,48.6,1.6,5810.0,5.81,ERW 1,Fin cut,2420716,0789,,,Yes,0.0,1.638,complete,,,,
